{"cameraMode":{"drawMode":0,"name":"Shaded","section":"Shading Mode"},"sceneLighting":false,"audioPlay":false,"sceneViewState":{"showFog":true,"showMaterialUpdate":false,"showSkybox":false,"showFlares":true,"showImageEffects":true,"showParticleSystems":true,"showVisualEffectGraphs":true,"m_FxEnabled":true},"in2DMode":false,"pivot":{"x":0.03047986328601837,"y":-0.023623071610927583,"z":-0.001210540533065796},"rotation":{"x":0.024308033287525178,"y":-0.007187889888882637,"z":0.00011300250480417162,"w":0.9997101426124573},"size":0.39543408155441286,"orthographic":false}