{"cameraMode":{"drawMode":0,"name":"Shaded","section":"Shading Mode"},"sceneLighting":false,"audioPlay":false,"sceneViewState":{"showFog":true,"showMaterialUpdate":false,"showSkybox":false,"showFlares":true,"showImageEffects":true,"showParticleSystems":true,"showVisualEffectGraphs":true,"m_FxEnabled":true},"in2DMode":false,"pivot":{"x":0.001962706446647644,"y":0.6145575046539307,"z":0.03053492307662964},"rotation":{"x":0.16374251246452332,"y":-0.09866981208324433,"z":0.016406817361712457,"w":0.9814468026161194},"size":1.1850203275680543,"orthographic":false}