{"cameraMode":{"drawMode":0,"name":"Shaded","section":"Shading Mode"},"sceneLighting":false,"audioPlay":false,"sceneViewState":{"showFog":true,"showMaterialUpdate":false,"showSkybox":false,"showFlares":true,"showImageEffects":true,"showParticleSystems":true,"showVisualEffectGraphs":true,"m_FxEnabled":true},"in2DMode":false,"pivot":{"x":-0.009089315310120583,"y":-0.31361624598503115,"z":0.06405463814735413},"rotation":{"x":-0.04631919041275978,"y":0.2819472849369049,"z":-0.01366560161113739,"w":-0.9582621455192566},"size":0.4030958414077759,"orthographic":false}