{"cameraMode":{"drawMode":0,"name":"Shaded","section":"Shading Mode"},"sceneLighting":false,"audioPlay":false,"sceneViewState":{"showFog":true,"showMaterialUpdate":false,"showSkybox":false,"showFlares":true,"showImageEffects":true,"showParticleSystems":true,"showVisualEffectGraphs":true,"m_FxEnabled":true},"in2DMode":false,"pivot":{"x":-0.06525043398141861,"y":1.506532073020935,"z":-0.20186439156532288},"rotation":{"x":-0.007479178253561258,"y":-0.2877664268016815,"z":0.0022473877761512996,"w":-0.9576696157455444},"size":0.017133474349975587,"orthographic":false}