{"cameraMode":{"drawMode":0,"name":"Shaded","section":"Shading Mode"},"sceneLighting":true,"audioPlay":false,"sceneViewState":{"showFog":true,"showMaterialUpdate":false,"showSkybox":true,"showFlares":true,"showImageEffects":true,"showParticleSystems":true,"showVisualEffectGraphs":true,"m_FxEnabled":true},"in2DMode":false,"pivot":{"x":-0.04578147828578949,"y":0.02783980965614319,"z":-0.08159250020980835},"rotation":{"x":0.07211172580718994,"y":-0.062490709125995639,"z":0.00445598503574729,"w":0.995460033416748},"size":0.09087777137756348,"orthographic":false}