{"cameraMode":{"drawMode":0,"name":"Shaded","section":"Shading Mode"},"sceneLighting":false,"audioPlay":false,"sceneViewState":{"showFog":true,"showMaterialUpdate":false,"showSkybox":false,"showFlares":true,"showImageEffects":true,"showParticleSystems":true,"showVisualEffectGraphs":true,"m_FxEnabled":true},"in2DMode":false,"pivot":{"x":0.3659924268722534,"y":1.2157961130142213,"z":0.8214964866638184},"rotation":{"x":0.1304909884929657,"y":0.14549283683300019,"z":-0.01941768079996109,"w":0.9805523753166199},"size":1.0664048194885255,"orthographic":false}