{"cameraMode":{"drawMode":0,"name":"Shaded","section":"Shading Mode"},"sceneLighting":false,"audioPlay":false,"sceneViewState":{"showFog":true,"showMaterialUpdate":false,"showSkybox":false,"showFlares":true,"showImageEffects":true,"showParticleSystems":true,"showVisualEffectGraphs":true,"m_FxEnabled":true},"in2DMode":false,"pivot":{"x":-1.4901161193847657e-8,"y":-0.004832789301872253,"z":0.006637945771217346},"rotation":{"x":0.0511385016143322,"y":-0.0760168507695198,"z":0.003903743112459779,"w":0.9957880973815918},"size":0.21954408288002015,"orthographic":false}