{"cameraMode":{"drawMode":0,"name":"Shaded","section":"Shading Mode"},"sceneLighting":false,"audioPlay":false,"sceneViewState":{"showFog":true,"showMaterialUpdate":false,"showSkybox":false,"showFlares":true,"showImageEffects":true,"showParticleSystems":true,"showVisualEffectGraphs":true,"m_FxEnabled":true},"in2DMode":false,"pivot":{"x":-0.004394963383674622,"y":1.2499933242797852,"z":0.04418329894542694},"rotation":{"x":0.16086047887802125,"y":0.3678702116012573,"z":-0.06483056396245957,"w":0.9135905504226685},"size":0.6153650879859924,"orthographic":false}